Simulation_1,Simulation_2,Simulation_3,Simulation_4,Simulation_5,Simulation_6,Simulation_7,Simulation_8,Simulation_9,Simulation_10,Simulation_11,Simulation_12,Simulation_13,Simulation_14,Simulation_15,Simulation_16,Simulation_17,Simulation_18,Simulation_19,Simulation_20,Simulation_21,Simulation_22,Simulation_23,Simulation_24,Simulation_25,Simulation_26,Simulation_27,Simulation_28,Simulation_29,Simulation_30,Simulation_31,Simulation_32,Simulation_33,Simulation_34,Simulation_35,Simulation_36,Simulation_37,Simulation_38,Simulation_39,Simulation_40,Simulation_41,Simulation_42,Simulation_43,Simulation_44,Simulation_45,Simulation_46,Simulation_47,Simulation_48,Simulation_49,Simulation_50,Simulation_51,Simulation_52,Simulation_53,Simulation_54,Simulation_55,Simulation_56,Simulation_57,Simulation_58,Simulation_59,Simulation_60,Simulation_61,Simulation_62,Simulation_63,Simulation_64,Simulation_65,Simulation_66,Simulation_67,Simulation_68,Simulation_69,Simulation_70,Simulation_71,Simulation_72,Simulation_73,Simulation_74,Simulation_75,Simulation_76,Simulation_77,Simulation_78,Simulation_79,Simulation_80,Simulation_81,Simulation_82,Simulation_83,Simulation_84,Simulation_85,Simulation_86,Simulation_87,Simulation_88,Simulation_89,Simulation_90,Simulation_91,Simulation_92,Simulation_93,Simulation_94,Simulation_95,Simulation_96,Simulation_97,Simulation_98,Simulation_99,Simulation_100
-0.029185578,0.005209611,0.001407431,0.01474742,-0.018429973,-0.005250566,-0.005234385,0.00631985,-0.008126158,0.011826282,-0.016966264,-0.00643265,-0.021282938,-0.0022392,-0.006902259,0.007793535,-0.02004983,-0.005905432,-0.007665721,-0.01742135,-0.014864059,-0.025234052,-0.017272437,-0.014058123,-0.029810379,-0.011052875,-0.021340826,-0.005525203,0.008166112,-0.005376644,-0.023582944,-0.012033493,-0.02358347,-0.020954739,-0.011454617,-0.018323922,-0.01332904,-0.023553551,-0.011664097,0.020591383,0.000733956,0.01882763,-0.000263099,-0.026984459,0.003618713,-0.002909356,-0.012555666,-0.029577581,0.007757906,-0.000532104,-0.002574755,-0.014034272,0.00028056,-0.003512225,-0.003411705,-0.009250067,0.007505971,-0.016301457,-0.016845944,-0.027124295,-0.007066006,-0.005100065,0.00934665,-0.020521696,-0.032721631,0.018462624,0.003172532,-0.013736173,0.022225779,-0.007452862,-0.005983215,-0.011417514,-0.007185068,-0.003594305,0.004589634,-0.009581432,0.02016006,-0.025321267,-0.021852549,-0.001332712,0.00132495,0.004046251,-0.044552422,0.017063506,-0.005480253,0.002571577,0.004492505,-0.023633857,0.028250806,-0.015795236,-0.0074375,-0.025709645,0.017337372,-0.009843616,-0.000508049,-0.006062106,0.018518929,0.007436075,0.003440489,0.01759376
0.010609479,0.006269067,0.021803854,-0.019287441,0.008368074,0.006535884,0.005364981,0.007398153,-0.008503739,-0.003536228,0.005470826,-0.002464048,0.00651106,-0.011489721,-0.012927697,-0.000786786,-0.002605267,-0.0113447,-0.017704081,-0.009599876,0.004285307,-0.034649178,-0.011667591,-0.013869068,-0.000396557,-0.018531316,0.017695814,-0.002916052,-0.016383386,0.019820759,-0.008257757,-0.004668853,-0.033141972,-0.000901821,-0.017351233,-0.02210092,-0.004279888,-0.014365825,-0.014192726,-0.005413738,-0.003237508,0.010695783,-0.01112042,0.00524992,-0.021245601,-0.005699386,0.020838005,0.008552239,-0.010514845,0.003735944,-0.004986438,-0.00297479,0.000116905,0.002100559,0.013737649,0.00345171,-0.01248634,-0.021026897,-0.008971738,0.001258541,-0.003695061,-0.000620924,-0.001513518,-0.021861144,0.009201914,0.023948198,0.002867974,0.00792855,-0.012195018,0.009470859,-0.016975761,-0.008777018,0.006625551,0.00871967,-0.000953775,0.015322726,0.012809408,-0.010626234,0.001416355,-0.003615986,-0.000905165,-0.008203445,0.001380864,-0.002056117,-0.005012628,0.007732798,0.007899374,-0.007904813,0.007167378,-0.010126671,-0.012800409,-0.01347029,0.039320058,0.001074734,-0.01140616,0.008356449,0.006494171,-0.008216115,-0.016266957,-0.000360342
0.006624524,-0.013343029,-0.011319114,0.008394404,-0.007872933,-0.002056917,-0.029098497,-0.003962683,0.001542741,0.001772175,-0.021971972,-0.006372784,-0.004538981,-0.013392498,-0.006333544,0.019264314,0.007748442,-0.004657219,0.005957634,-0.001297216,0.005959332,0.000970036,0.016721392,0.004156907,0.009957389,-0.019561166,-0.022536277,0.002621725,0.003861022,0.002215464,-0.003494337,0.001681018,-0.006697602,-0.000800569,0.012105678,0.010337768,-0.008725552,-0.010072404,-0.013228022,-0.035613784,-0.007466169,-0.017388716,-0.04294548,0.001824804,-0.034526068,-0.01550987,-0.039323537,0.010859559,-0.014959075,0.005105719,-0.009842175,-0.00982619,-0.001662237,0.00127347,-0.002466382,0.000831454,0.008410436,-0.011675824,0.011105331,-0.014691062,-0.003755166,-0.004841138,-0.027366761,0.00813376,-0.009345542,0.00140357,-0.004704088,0.011271455,-0.018198361,0.009660102,-0.017352494,0.007407022,0.014120802,-0.015496158,-0.030855134,-0.015193839,0.014917788,0.004149148,0.009326053,-0.000809972,-0.007617145,-0.011393783,0.004419786,0.000783427,-0.005498914,-0.000760667,0.005597926,-0.027715933,0.017383398,-0.012106279,0.004598932,-0.000597564,0.006367778,-0.016059779,-0.019891688,-0.001406058,-0.01239684,-0.016209525,0.00133827,0.010228531
-0.009557412,-0.015679304,-0.000751019,0.007413678,-0.006868005,-0.005051114,0.002597905,0.012064695,0.008970345,-0.01679378,-0.001479146,0.003942178,-0.003023119,-0.008718277,-0.022954781,0.020102317,-0.013156009,0.003079969,-0.001168782,0.007670174,-0.011180088,-0.009625714,-0.007962127,0.007045465,0.020106632,-0.013966395,-0.00772272,0.014640767,0.000282142,-0.006856733,-0.007324999,-0.003322711,0.014063016,-0.000145035,-0.009102338,0.005176024,-0.01117385,-0.014149546,-0.006906783,-0.002615809,-0.014761617,-0.014196598,-0.00867402,0.019110281,0.0027092,-0.015520689,0.010415532,-0.000469313,-0.006779729,0.015463865,0.003255782,-0.010978227,-0.005490476,-0.020537879,-0.01986268,-0.009721525,-0.023593285,-0.0168218,-0.007002249,-0.000585636,0.000608384,0.012553438,0.020933514,0.006351939,0.022815636,-0.014082622,-0.002316232,0.002956261,0.02364655,0.003805314,0.012890927,0.000599664,-0.017975932,0.011467527,0.005661871,-0.007307006,-0.023415288,0.008570211,-0.026284853,-0.015902806,-0.008018806,-0.026021823,0.022306052,-0.008051753,0.005359253,-0.007995473,0.006927253,0.009469799,-0.003454754,0.008268442,-0.008035679,-0.041662529,0.013412156,0.001409846,0.004572044,-0.020005598,0.00466239,-0.032651033,0.023865493,-0.023019811
0.020836018,0.019586668,-0.007048625,0.00460788,0.002451535,-0.001190963,-0.001427092,0.007961556,0.000497994,-0.015573912,0.022295131,0.004032471,-0.025238704,-0.00756409,0.010474937,-0.020112067,-0.005476126,0.005879468,0.003957434,-0.001494273,-0.012377732,0.015756807,0.014064083,0.013233499,-0.025726292,0.000104778,0.00441764,0.004088395,0.009798987,0.007238165,-0.000295167,0.002050563,-0.009110281,-0.014078347,0.017668733,-0.008673929,0.014000429,0.005464061,0.006348382,0.012300897,0.001252719,-0.015660147,-0.001321017,0.014593624,-0.020376248,-0.003819705,-0.021765762,-0.017109295,-0.0167511,-0.033166923,-0.009154157,-0.00841567,-0.017370383,-0.007449575,-0.01448814,-0.009468327,-0.016642672,-0.023276554,0.010679486,0.000656029,-0.006130855,-0.001748905,0.01561381,-0.017734689,-0.012470777,0.000918941,8.40E-05,0.003981945,-0.029794725,-0.011305378,0.000700566,0.012380068,-0.016410088,-0.000593126,0.01704329,0.004704815,-0.033940566,-0.012606813,-0.001169691,0.004465318,0.003480352,-0.009099059,0.000868172,-0.023929227,-0.003744589,0.004291173,-0.001352854,0.020825339,-0.014214862,-0.007889337,-0.009689553,0.008976986,-0.010576491,-0.007138294,0.001210153,0.007018223,-0.004429779,0.003642023,-0.0082616,-0.009364171
-0.002676105,0.016944386,-0.011892182,-0.002374082,0.004825351,0.011354382,0.00171303,-0.001817248,0.001091548,-0.008540422,-0.005935121,0.012398695,-0.014289235,-0.010497953,0.022651708,0.007426056,-0.01070009,-0.028388449,0.008440733,-0.00373751,-0.016592738,0.004352319,-0.007167888,-0.026321321,0.012930978,0.006216275,0.025796596,-0.005075563,0.011015517,-0.003960031,0.006124234,-0.005152578,0.007603228,0.002122333,-0.005230617,-0.000821046,-0.005375714,-0.02710324,-0.006786834,-0.02676401,0.013440395,-0.026246767,-0.010251648,0.003631633,-0.0095756,-0.021444977,-0.004942492,-0.016657811,0.022722104,-4.78E-05,0.001173391,-0.000753731,-0.009430984,-0.01959526,-0.00948686,-0.018932551,0.009701835,-0.008762907,-0.005043296,-0.004247246,0.005129454,-0.00262207,-0.002973199,0.008388756,0.009619611,0.005445896,-0.004844614,0.004957639,-0.002891665,-0.003428449,0.02136938,0.00517884,0.026895645,-0.004433722,-0.012386745,-0.029288442,0.010892573,-0.000639688,0.013339071,-0.007819264,-0.017027259,-0.012822264,-0.012670508,-0.019080017,0.002204375,-0.020050547,-0.008252734,0.008158655,-0.0053444,-0.030936472,-0.017473108,-0.006124148,0.008316627,-0.007239226,0.000651757,-0.012415574,0.009179399,-0.0061802,-0.024820271,-0.016530658
-0.003444011,0.02491311,-0.006213601,-0.002713102,-0.019500199,-0.001568593,-0.011172933,0.007213078,-0.009119378,-0.000557265,0.009128147,0.000725059,0.000477098,0.019540873,0.000339283,0.020422537,0.010262764,-0.007463976,0.007886831,0.004049495,-0.004752761,-0.011283359,-0.031247781,-0.011174617,-0.012132925,0.010474982,-0.030046305,-0.003671297,-0.005757675,0.019431225,-0.007498702,-0.00124702,-0.005706021,0.004011416,-0.006050422,0.015978249,-0.006980639,-0.012941578,0.007545691,-0.008339665,-0.007510164,0.020746799,0.011881577,0.002756027,0.003575215,0.001695524,-0.003089421,-0.047494318,0.031390891,-0.011697132,-0.002278068,0.001986733,-0.001285756,0.007407367,-0.001749471,-0.020605141,-0.021309564,-0.009618764,-0.008231398,0.009370097,0.017796905,-0.023567364,7.75E-05,0.001228098,-0.001371045,-0.006909217,-0.014401856,-0.007743009,0.001254238,-0.004506738,0.000766782,-0.007407288,-0.010382857,-0.010822336,-0.003787473,-0.012109427,-0.007527845,-0.015595352,0.015921653,0.007778691,0.005905068,-0.007261375,-0.027615677,-0.017991206,0.002485259,0.015090708,-0.004713594,-0.006741677,-0.016092831,0.010725721,-0.010212062,0.004831482,0.001945818,-0.005333332,-0.027311766,-0.017274433,0.017474535,-0.000605524,-0.007950045,0.010239564
0.006967436,-0.010751827,0.020506915,-0.009708173,0.010924242,0.009851057,-0.014377635,0.033739894,-0.028003426,0.007144929,-0.033225847,0.006437625,-0.006275017,-0.000362452,-0.007218681,0.006952086,0.020274272,0.024520239,-0.016176204,-0.002490414,-0.0089095,0.00335962,-0.001593478,0.016959715,-0.013984719,-0.00803651,0.030300642,0.020099293,0.011375117,-0.002683832,0.003716074,0.010409353,-0.015127422,-0.042357171,-0.003296532,0.012460014,-0.010703645,0.019725458,0.015890294,0.004515914,0.023215518,-0.010395111,-0.005871788,-0.007338775,-0.01751376,-0.007355645,-0.017255556,0.012833076,0.002947707,-0.002821677,0.01535399,0.006977264,-0.004710163,-0.00893892,0.019606292,0.018032778,0.019033379,-0.008816473,0.002611906,0.004674678,0.002341793,-0.003781409,0.002698885,0.002958413,-0.023870427,-0.009644327,0.002967697,-0.010151291,0.017101642,0.001881517,0.003562844,-0.000538728,-0.002536822,0.02384807,0.001303602,0.012578405,0.000643639,-0.011428672,-0.005175865,0.003386499,0.008818851,-0.004746357,0.020128992,-0.01505279,0.008843679,0.00221737,-0.004168952,0.018383421,-0.002155402,-0.001093601,0.001623931,-0.016756722,0.008602123,0.010742048,0.012708469,-0.000107891,-0.018086478,-0.008082271,-0.016110715,0.011897015
-0.003330621,0.01150927,-0.033293646,0.003757698,0.010561037,0.017352173,-0.01850666,-0.003584517,0.01857607,-0.02221846,0.011771648,-0.00325072,0.004858619,0.005055918,-0.022862731,-0.013285804,-0.010564813,0.001959695,0.017044074,-0.006232223,-0.003909891,0.004355394,-0.021119797,-0.010339745,0.00415168,-0.027395377,0.016691668,-0.007631458,0.001522922,-0.001355126,-0.000532724,-0.012591013,0.005078862,0.020343175,0.000391826,-0.011804412,-0.003330578,0.011175876,-0.001204739,-0.018086489,0.019608861,-0.019202383,-0.007437445,0.019700607,-0.010087582,-0.014043665,-0.016953036,5.64E-05,-0.00170816,0.029567786,0.019114861,-0.013257048,-0.003048013,-0.018614434,-0.012417019,0.007494047,1.21E-05,0.011183342,0.008276662,0.021026121,0.023860356,-0.007701006,0.02102425,-0.00649759,0.018268232,0.004857117,0.006235853,-0.008256374,-0.009785816,-0.017501607,0.010299753,-0.028721898,-0.000667681,0.002838471,0.005993048,0.004817246,-0.01017707,-0.022050178,0.02640225,0.003983743,-0.014712125,-0.016015944,0.006445742,0.025099613,-0.019286084,0.022431817,0.017707303,-0.001383219,0.023668774,-0.017238016,0.034975034,-0.019089543,0.002107582,-0.007922594,-0.013970507,0.018996852,0.010326791,-0.009554575,-0.015514103,0.02421825
-0.003756396,0.002541122,0.019857649,0.034224162,0.004918537,0.020634969,0.018977571,0.031505237,0.015210578,0.004327571,0.022861973,0.016051428,-0.008881367,-0.006023736,0.012022442,0.00221839,0.023390014,0.017860237,0.031132434,0.00726005,0.014014962,-0.001037193,0.015517514,0.012550388,0.033363366,0.009977569,-0.002583749,0.018166685,0.015415422,-0.006852047,0.019847157,0.010321244,0.022427618,0.01669866,0.039362978,0.04557156,0.017998636,0.0123957,0.013115144,0.036322432,0.016178444,0.0207109,-0.003809358,0.008758589,-0.008404224,0.014669157,0.005990592,0.016253395,-0.012711135,0.02920832,0.009862945,-0.000774971,0.025578986,0.032398033,0.018869967,0.001258024,0.009740372,-0.003079088,0.015848497,0.033791555,0.028738474,0.018635099,0.008542208,0.033301671,-0.003283023,0.028163388,0.020066727,-0.00499031,0.013051283,0.009698958,0.031704819,0.019203636,0.023477907,-0.009573466,0.02172338,0.024515855,0.022045921,0.005435494,0.028256926,-0.015830752,0.023281128,-0.004063999,-0.017140756,0.030093565,0.020807316,0.013580464,0.026847877,0.029133974,0.009427682,0.015282795,-0.016110143,0.03506151,0.007275426,0.002981637,0.024355435,-0.006992118,0.002956324,0.010495155,0.011799055,0.012846179
0.166296871,0.169403384,0.139721997,0.169884578,0.166004096,0.165160681,0.162781486,0.164617265,0.184703832,0.170789615,0.175206866,0.177859775,0.179541396,0.17646516,0.157361568,0.189477358,0.162554981,0.174977463,0.151445162,0.177232094,0.180960421,0.158726687,0.159690612,0.194424976,0.173418688,0.175109384,0.168857584,0.161442215,0.179012023,0.17266417,0.164179877,0.180578528,0.1684892,0.163415065,0.160368033,0.186012838,0.176870905,0.177729067,0.183468723,0.165883246,0.175329892,0.169064903,0.17143074,0.188305446,0.174142364,0.168323884,0.172804548,0.172080171,0.187706187,0.156072156,0.162064416,0.162568464,0.168831634,0.178841917,0.172612825,0.170262963,0.173205452,0.183817493,0.152223305,0.182397776,0.155500322,0.166802277,0.192072639,0.184334597,0.184348294,0.184657843,0.177352932,0.17820808,0.175359687,0.180640828,0.154469055,0.159084563,0.136337726,0.145756573,0.147451315,0.18286024,0.181892626,0.17493424,0.153570748,0.174079787,0.160584915,0.170806009,0.16933633,0.165792514,0.181391832,0.191276262,0.156997027,0.171101526,0.191428942,0.184101983,0.142546875,0.198613899,0.181327736,0.188963452,0.176876375,0.165693387,0.164529068,0.186566356,0.196456267,0.172822839
0.308152833,0.334135173,0.339084804,0.338969706,0.33694909,0.335631589,0.318273631,0.32373587,0.329360935,0.332079443,0.332965833,0.318986131,0.360377722,0.327239814,0.317672779,0.344738087,0.316487864,0.297405176,0.318094657,0.345896572,0.349014105,0.341844089,0.324174986,0.31542213,0.303375639,0.338297584,0.347217297,0.318662948,0.322774511,0.308241276,0.315977966,0.338760106,0.340111337,0.335589424,0.325147755,0.343333871,0.316881207,0.331370731,0.320356798,0.319384873,0.327408943,0.326918481,0.343536635,0.322801315,0.302749663,0.324253695,0.315034514,0.333523495,0.340032036,0.337387953,0.332967533,0.320232209,0.319874432,0.359746661,0.319178115,0.325210262,0.349138607,0.334577626,0.311484946,0.324309651,0.330594456,0.354913039,0.303136562,0.344677525,0.332706363,0.34965093,0.325742527,0.30821195,0.333529042,0.323159877,0.339860166,0.333397785,0.319769495,0.31117292,0.32447171,0.316281917,0.334542624,0.341098956,0.329709031,0.344989534,0.324892866,0.344268655,0.345775656,0.328558268,0.321290255,0.323794011,0.357558018,0.328546196,0.344069286,0.315345598,0.365984691,0.309044981,0.327542544,0.352121002,0.326415649,0.347134037,0.316892917,0.306626824,0.343872687,0.337262408
0.474498997,0.471915564,0.471662728,0.468809779,0.446157604,0.464849937,0.482250058,0.446681447,0.475758429,0.473045696,0.460910795,0.468780851,0.459280803,0.469106073,0.470631265,0.47836434,0.469751399,0.461517877,0.461088942,0.436760284,0.486088722,0.455300343,0.465560922,0.466558839,0.474675836,0.491261732,0.450375642,0.473832319,0.457119776,0.47238072,0.460791817,0.464477008,0.459117691,0.478861205,0.471763729,0.470218979,0.462697118,0.457222409,0.489670314,0.459031478,0.475564855,0.455637535,0.4641475,0.48226746,0.483205807,0.46648128,0.477441512,0.475127449,0.466891632,0.457813535,0.455583127,0.461502115,0.456116797,0.473650665,0.484945745,0.482388893,0.471562754,0.47858854,0.466457509,0.46618396,0.464680565,0.464611718,0.443588126,0.459177896,0.492717048,0.447136807,0.502161899,0.457123966,0.438832881,0.465135871,0.492156235,0.473957931,0.467516232,0.474251491,0.464303667,0.474352589,0.46282991,0.442997574,0.469896923,0.47005238,0.461367963,0.486135429,0.451826323,0.467276796,0.480331578,0.46186124,0.479945169,0.471129897,0.479572272,0.475072132,0.49289863,0.48095418,0.484034415,0.475464476,0.460991514,0.456600523,0.474431927,0.477785972,0.499381136,0.490422225
0.562846221,0.588419751,0.57365551,0.58507596,0.538589526,0.580766518,0.573453046,0.554266539,0.579510767,0.564275313,0.605052605,0.59433604,0.591350908,0.558138745,0.574628023,0.550476428,0.567899143,0.555561803,0.572417819,0.564415217,0.552744626,0.574867389,0.554396512,0.57192907,0.551947468,0.55409358,0.553100647,0.573070176,0.578595059,0.56664097,0.575339009,0.558258903,0.553495736,0.580438415,0.577223585,0.554138261,0.590120582,0.590840809,0.58568283,0.583049015,0.578417035,0.598993031,0.562276299,0.559576961,0.583132961,0.569230431,0.571317176,0.567545939,0.575434917,0.588298439,0.597435651,0.573289996,0.590409208,0.579862358,0.571225841,0.568325666,0.585312541,0.588435316,0.5953443,0.574262941,0.585277308,0.581818798,0.610796122,0.570556343,0.585125929,0.584791726,0.575991533,0.55938724,0.577285786,0.56692172,0.569157977,0.567360496,0.560850812,0.557622122,0.574011328,0.58931426,0.572845186,0.589871757,0.583356566,0.587448935,0.588542171,0.569944408,0.559034414,0.561425978,0.561090418,0.590936146,0.57254635,0.606075964,0.571863693,0.589645098,0.593950815,0.598627637,0.574966756,0.549371247,0.559476636,0.552330909,0.55467344,0.587682115,0.556104113,0.558826878
0.625403519,0.626233422,0.643904336,0.620693462,0.616325826,0.634525582,0.638873187,0.617113396,0.625093184,0.619449383,0.614442358,0.621950078,0.624451265,0.641384824,0.658706086,0.647216567,0.629006277,0.623642678,0.608451866,0.623005396,0.618096392,0.617492994,0.619248893,0.634348657,0.634739913,0.634515598,0.615262446,0.650856953,0.617271743,0.639843918,0.624994898,0.616972817,0.62643532,0.632701017,0.637123527,0.622667079,0.632661207,0.634835617,0.63846222,0.615853203,0.60989863,0.613582415,0.663517761,0.645331583,0.616532795,0.630602601,0.626683008,0.649458607,0.629170968,0.612153487,0.613496442,0.621784117,0.599507468,0.613780249,0.639526272,0.64262084,0.65477823,0.650841772,0.643122027,0.631604405,0.618649527,0.631570418,0.611377937,0.628003848,0.608673731,0.619398706,0.632042817,0.610674788,0.648355457,0.630464359,0.63107015,0.608124816,0.626380281,0.626190228,0.626154248,0.62503301,0.639523253,0.62915601,0.640848083,0.635994017,0.642211763,0.645636054,0.602397512,0.655312263,0.625940394,0.608113523,0.619879477,0.612205726,0.650294746,0.637787823,0.633410063,0.636392923,0.658625348,0.617275258,0.637251742,0.634727838,0.619219228,0.616976698,0.643666078,0.622078784
0.63437385,0.649035532,0.616570228,0.657268074,0.629516771,0.661036743,0.631576703,0.62577289,0.622950829,0.629862709,0.623703058,0.639159258,0.647360177,0.627149825,0.622165678,0.649128166,0.625217578,0.628000218,0.628409947,0.622261125,0.648384904,0.642314175,0.635122907,0.617796153,0.648326783,0.63529543,0.642737547,0.627377786,0.636266677,0.649224176,0.625267473,0.643197818,0.633536569,0.635517914,0.655525096,0.628542138,0.630242949,0.617584387,0.639542928,0.617531014,0.646220512,0.644435522,0.633779647,0.637951854,0.649509376,0.627232477,0.647759832,0.64864102,0.623306391,0.615777116,0.631239629,0.645950407,0.625925128,0.657317563,0.629908101,0.62894842,0.620418866,0.638034987,0.627240446,0.619750266,0.633944017,0.598349274,0.625622065,0.624427418,0.621965321,0.618282284,0.635465864,0.613372238,0.634505424,0.614962204,0.623942922,0.626429554,0.652236298,0.616529587,0.655051119,0.658595888,0.633651821,0.62938876,0.625395293,0.633319737,0.617525524,0.640643777,0.626899233,0.633913513,0.627785999,0.637188453,0.650127412,0.617374035,0.619528266,0.622695555,0.620197663,0.643219243,0.629795525,0.628945743,0.648050231,0.631953471,0.638400815,0.607222987,0.622215953,0.638048303
0.594371048,0.584524537,0.581516336,0.575675841,0.604587215,0.595988192,0.583842303,0.573423037,0.608579511,0.561202466,0.593193372,0.59184528,0.583562315,0.603349595,0.591412197,0.595430747,0.585347893,0.593719692,0.595474863,0.603904564,0.562558904,0.604722888,0.588998011,0.575295356,0.577557097,0.604475665,0.545128829,0.591612936,0.585217851,0.588960317,0.567455429,0.589930712,0.594544945,0.597352472,0.584567517,0.583096766,0.5879567,0.579769535,0.601171652,0.608333644,0.59170664,0.587522355,0.608301194,0.587062939,0.58547626,0.585353853,0.617388045,0.613738097,0.611670995,0.593274534,0.586397116,0.599590121,0.605943702,0.584184401,0.583976129,0.593945282,0.604953732,0.593523094,0.582658259,0.605139877,0.605004567,0.578432414,0.57357791,0.591470201,0.609269698,0.569196783,0.5994975,0.575152541,0.604886445,0.59428896,0.589593954,0.579450028,0.61131336,0.614979727,0.58858566,0.605452668,0.600459352,0.588606953,0.547796677,0.59742879,0.58634283,0.580276203,0.598304737,0.576678957,0.58925154,0.570037898,0.594946925,0.601291802,0.585265514,0.592726971,0.576214482,0.589324831,0.603056122,0.580069042,0.571445111,0.593086184,0.622366734,0.591934206,0.585730704,0.56338569
0.503125857,0.502823826,0.486940353,0.512322319,0.496226652,0.506040701,0.499601417,0.504523397,0.497146824,0.477478688,0.540171484,0.514449885,0.505818702,0.470492182,0.503175724,0.529417782,0.482194143,0.516790876,0.519786797,0.488868544,0.477668488,0.498650307,0.493857866,0.484038434,0.508240794,0.48581914,0.500838277,0.496214024,0.498307477,0.51440471,0.50668753,0.491536884,0.467220923,0.500597182,0.514482017,0.501680341,0.510694719,0.528911773,0.502254394,0.505889711,0.500307986,0.466221249,0.51528859,0.501972243,0.500608754,0.5044944,0.509408715,0.468592574,0.489261341,0.481170206,0.488773274,0.484292845,0.501985711,0.50841589,0.504305592,0.500859595,0.496751827,0.497576499,0.487447889,0.492666241,0.508888328,0.492065699,0.497060509,0.501799322,0.507093795,0.508256493,0.511385106,0.474043225,0.516296434,0.495419542,0.498933637,0.466220399,0.505513931,0.500072659,0.48315944,0.495526464,0.500275132,0.517100962,0.500373529,0.495116574,0.497465047,0.503601823,0.486471555,0.499255138,0.492874252,0.470097354,0.4905043,0.488027615,0.485924745,0.487607833,0.500860034,0.475358514,0.496076667,0.486640648,0.50243664,0.484577122,0.519662803,0.490046167,0.491155948,0.477194758
0.400856977,0.39164371,0.366048098,0.379182844,0.372611747,0.372424842,0.377078699,0.382568571,0.371628751,0.387522208,0.364338567,0.397133046,0.401240554,0.397969754,0.373044059,0.382230527,0.386128625,0.358945343,0.386814105,0.385598493,0.356161358,0.382054451,0.38999407,0.379638977,0.380024485,0.37032739,0.382173525,0.3864275,0.399493164,0.387425225,0.426030224,0.367853141,0.361585083,0.405627165,0.373796624,0.369639595,0.378893778,0.39453301,0.404431328,0.39329853,0.361029536,0.369687056,0.372598755,0.4180282,0.365986253,0.371707227,0.382793295,0.417029585,0.392251978,0.417499776,0.383944841,0.388017238,0.38613928,0.385590411,0.383140603,0.37605524,0.402326911,0.390249444,0.375600815,0.376327002,0.39187671,0.372617499,0.378443197,0.393559394,0.37735564,0.405487468,0.392126202,0.374565258,0.396966933,0.381715305,0.354959288,0.368410131,0.363885394,0.391611077,0.396809702,0.367323673,0.359564874,0.374424081,0.386761383,0.365601442,0.358982254,0.400427563,0.394611625,0.368549461,0.42379372,0.365835617,0.374024098,0.392760865,0.362879063,0.386561537,0.384580149,0.380571773,0.405315366,0.385694742,0.373494638,0.38291255,0.383067129,0.393449379,0.369772973,0.36780859
0.225227886,0.24034757,0.247699772,0.254408993,0.241559503,0.227755029,0.238037657,0.24329847,0.245830206,0.26083551,0.243341112,0.234799965,0.247952831,0.247029383,0.223388082,0.230961382,0.256499817,0.219383794,0.244760667,0.245828311,0.236467541,0.23566652,0.221448262,0.236592181,0.229281753,0.257420878,0.252090012,0.243400874,0.243489352,0.243502669,0.251716354,0.230849172,0.25028071,0.249927448,0.228826355,0.247839561,0.22776192,0.229813414,0.257600047,0.249246712,0.258317903,0.234223303,0.26789792,0.22931581,0.258243529,0.239359963,0.235084394,0.228870641,0.208641614,0.256914902,0.212491171,0.235997757,0.226368322,0.219409501,0.252927682,0.239047231,0.247212071,0.255875279,0.225852787,0.241613068,0.26488943,0.242301741,0.234580055,0.218553565,0.230022654,0.26339397,0.247589575,0.247004499,0.235066595,0.237439558,0.236841141,0.22149994,0.236391892,0.233027069,0.241363092,0.244454863,0.210118533,0.236767246,0.235563356,0.23660285,0.247320784,0.225085993,0.248144302,0.258365502,0.238224935,0.241182835,0.247708652,0.228588947,0.244574421,0.238072938,0.219722519,0.239548546,0.250079004,0.263252042,0.22192726,0.244090287,0.233035167,0.240458553,0.232872956,0.234739856
0.108089226,0.093465216,0.086591257,0.115957387,0.095624302,0.099912055,0.099679683,0.092699744,0.105569956,0.113055888,0.087535878,0.067888539,0.096217594,0.098661941,0.091088326,0.124919888,0.111128963,0.081560164,0.11474694,0.09984422,0.118506485,0.113818335,0.092545592,0.087072238,0.098251468,0.099189375,0.101562106,0.087615756,0.094404466,0.084355936,0.083714237,0.10084419,0.083805959,0.114479797,0.079563982,0.095048772,0.101084309,0.110285273,0.099218608,0.113383363,0.101287722,0.09692385,0.095758468,0.095470188,0.095254388,0.087583257,0.114183832,0.081834421,0.108000694,0.101042331,0.082283206,0.087049426,0.092250231,0.106197376,0.101313748,0.113078781,0.099380283,0.093612991,0.10556185,0.098816445,0.104557144,0.11735399,0.089160029,0.104757374,0.124170454,0.082208888,0.104016494,0.095165761,0.070070258,0.10009401,0.107208538,0.117445506,0.124075826,0.099682496,0.098403497,0.130178358,0.091181145,0.101661619,0.116828935,0.097905926,0.1035989,0.114696197,0.129239266,0.106529171,0.105154664,0.101287102,0.121755126,0.112391281,0.106047859,0.097610439,0.090930393,0.101983657,0.1080864,0.111136843,0.087096472,0.119961215,0.113625064,0.098168587,0.110468233,0.119362038
0.011163011,0.013760188,0.007086311,0.005119644,0.028728427,0.01199751,0.017567176,-0.000439856,0.019707617,0.007948827,0.005182405,-0.010273995,0.004243011,0.018495562,0.00676047,0.006961335,0.012925183,0.012513591,0.007671861,-0.001467916,0.007289532,0.013975003,0.028285891,-0.004047701,0.001377524,-0.012620301,0.003174599,0.007118582,-0.0043396,0.007122385,-0.005424893,0.021150532,0.018961652,0.013547544,0.02041052,0.016018336,0.020444326,-0.012830091,0.019325221,0.025618147,0.012672486,-0.008627565,-0.001128768,0.006909636,0.014644506,-0.006830122,0.016091345,-0.002523713,-0.007760984,0.006587546,0.009244238,-0.021381564,0.001108179,0.019060416,0.025680086,0.010737471,0.012072289,0.006472117,0.014496977,0.017647467,0.006833561,0.01553545,0.0099442,0.006185089,-0.005909298,0.010823069,-0.000419071,0.011969863,-0.005597842,0.014713196,-0.009802788,-0.002467214,0.002080493,-0.013186689,0.00096417,0.007899401,0.010807146,0.030934726,0.010168775,0.010460266,0.02413063,-0.015670054,0.019929587,0.005286072,0.009072634,0.008185803,-0.00529148,0.005520162,0.011205024,-0.007096197,0.007879207,0.015143283,-0.003142312,0.013076489,-0.003891117,-0.010122521,0.012338717,0.024198618,0.001423745,0.005646134
-0.008132236,0.008822877,0.026105049,0.011598719,-0.027142767,0.020441101,-0.001235059,0.000734052,0.007347723,-0.003182498,0.012827568,0.00579835,0.02181398,-0.001509487,0.016782526,0.018461015,0.019457354,0.018211209,-0.009888684,0.006014468,0.010265665,0.011234973,-0.001658087,0.010187251,0.011304642,0.028861952,0.006222624,-0.005288999,0.003701486,-0.019317711,0.004303527,0.000540391,-0.004519477,-0.007808775,0.025403383,-0.008337093,0.013527088,0.00104513,0.005912652,-0.004926621,0.004139733,-0.023696316,-0.001455129,-0.001971924,-0.000181301,0.004528137,0.006742211,0.025822871,0.007294725,0.018953453,-0.010302829,-0.019672877,-0.002255906,-0.001981469,-0.003794428,0.014429062,-0.011302701,-0.015167807,0.000915003,0.014459169,0.00218836,0.011299826,0.006647184,0.014085576,-0.020403685,-0.005704201,-0.008177084,0.007200652,0.000304359,-0.003803947,-0.004498904,0.009166741,0.030152929,-0.005300101,0.010246405,-0.002316459,0.007277025,0.012208694,0.012351701,0.014563187,0.018084621,-0.001085822,0.008945108,0.016033006,0.000880233,0.007244258,-0.013765932,0.032866795,0.018542148,0.030407508,0.01302007,0.007959948,0.00692284,0.006883088,-0.011972715,0.012736572,0.004166362,0.022763852,0.012675092,-0.00012825
0.0073493,0.032568204,-0.009922497,0.018904435,-0.004008201,0.008491786,-0.015260292,0.002265941,-0.005369216,0.010260799,0.006951355,0.008060866,-0.016178848,0.000979516,-0.004630124,0.007176083,-0.009872124,-0.016016933,-0.013856531,-0.001891697,-0.014977276,0.009603489,0.004448932,-0.001083495,0.008070563,-0.024317586,0.015820406,0.028627254,-0.003150528,-0.010669812,0.000453149,-0.011251752,0.004459354,-0.004521894,-0.008389853,-0.003357078,-0.006831296,-0.007624689,-0.018862047,0.007805449,-0.00770159,0.004135267,0.005296807,0.004437761,0.003810664,-0.001758028,-0.006487837,0.019575067,0.011807064,-0.002805654,0.000206335,-0.008937401,-0.00123722,0.012609876,-0.003064267,-0.003118542,-0.003777304,0.018482091,0.001473632,-0.005976666,-0.008579844,-0.010916926,-0.003209849,0.023131659,0.023844109,-0.016085721,0.006583889,-0.008476403,0.00657749,0.011321488,0.00967809,-0.017334047,-0.002527052,-0.005652129,0.003304438,8.84E-05,-0.003223777,-0.013073175,0.006119714,0.002234839,0.01783596,0.029279523,-0.005479724,0.010467147,-0.000616814,-0.02960087,0.014629432,0.013222856,-0.010914568,0.016852421,-0.008979057,0.011213114,-0.013623879,-0.022720204,-0.003429437,0.020852798,0.015115956,0.036359043,0.011381181,-0.00694792
-0.00638337,0.004913935,-0.028057832,0.002872625,-0.005940628,0.017361217,-0.01343318,-0.010309741,-0.005144149,-0.007401854,0.019348025,-0.004533084,-0.008523812,-0.010216318,0.015645976,-0.008656884,0.007767547,-0.010546832,-0.015638176,0.001593278,-0.010563487,0.00292137,0.016360012,-0.016870779,0.013244113,0.023256059,0.016437507,0.004509145,-0.010760562,-0.002681978,0.002568312,0.016411238,0.018561096,0.006843789,-0.006143898,-0.00148533,-0.003435992,-0.008115166,0.003498231,0.004093125,-0.006545175,-0.027755223,0.003944115,0.002855839,-0.000455445,-0.016486641,-0.014164011,0.009428115,-0.015988134,0.014586666,-0.002331991,0.010966423,-0.029711076,-0.005797567,0.004606187,0.004116931,-0.003586943,-0.031389237,-0.019891625,-0.002874377,-0.009853034,0.010130166,-0.003934608,-0.005796264,-0.007946554,0.018042762,-0.005532345,0.00217332,-0.008473117,0.017961933,-0.010310415,0.00905255,0.005039844,-0.003150914,0.005346545,0.004251245,4.75E-05,0.003061563,-0.002864553,-5.17E-06,0.022481477,0.001270873,-0.015648937,-0.016214542,0.011193337,-0.003813268,0.010871947,-0.022085433,0.0112203,-0.005237827,-0.006583546,0.008503943,-0.017760604,-0.01462447,0.014013884,-0.013352456,-0.010868584,-0.001056285,-0.016489484,0.008120361
0.013839081,-0.033716445,0.001250125,-0.006190452,-0.007576038,0.000299758,-0.006666167,-0.005280621,-0.003553101,0.008052908,-0.025520573,-0.003468123,0.005048904,0.017268153,0.006836535,-0.007644066,-0.011759362,-0.014078773,-0.001892125,-0.005797407,0.005683255,-0.022269447,-0.017413264,-0.005207194,-0.007918481,-0.011364029,0.007723125,0.00914805,-0.003195117,0.010806623,0.007018731,0.000531135,0.017117909,0.025451637,0.000982371,-0.005356037,-0.007340208,-0.031262199,-0.01945828,-0.024776205,0.021438224,0.016663738,0.005659112,-0.025778679,0.030325723,-0.012809259,-0.02714447,0.011774854,0.001620604,0.003507118,-0.008983046,0.012612386,-0.005693933,-0.005870212,-0.00348429,0.002215579,-0.03803635,-0.004752519,0.008629567,0.005533597,0.000640664,0.008522192,-0.000124572,-0.0269872,-0.005170258,0.010830929,-0.019515123,0.001933159,0.016927972,-0.006585725,-0.022578475,-0.016023145,-0.033681467,0.013367521,0.014426066,-0.008385292,-0.00208013,0.002215978,-0.015793405,-0.003275075,0.015515578,0.006019838,-0.022444976,-0.014463812,-0.000969922,0.001552486,-0.012340634,-0.004387006,-0.000665465,0.010185828,0.005229054,0.003747958,-0.003923431,-0.011657679,-0.019352019,-0.034445934,0.000858261,-0.01573201,-0.006478089,-0.001796015
0.010903544,-0.001485954,-0.007575347,0.015223105,-0.01459199,-0.000184433,-0.024067599,-0.011040501,0.000925561,-0.009277155,-0.002476104,0.030296443,0.002246728,-0.016183951,-0.005881706,0.021680462,0.01669469,-0.000541486,0.007102737,-0.007351351,-0.007161848,-0.019684832,0.001982824,0.001698915,-0.003088654,-0.002744574,-0.012082999,0.001592133,-0.024293059,0.006401671,-0.000385933,-0.015191,0.013556222,0.001684987,-0.019295062,-0.016261858,0.002716392,0.002506154,-0.033013879,-0.02103852,0.00014322,-0.011770474,-0.018868451,-0.016322654,0.008580952,-0.003523652,-0.003897622,0.00458321,-0.017183056,-0.014838145,-0.013530965,-0.02795022,-0.002829975,0.007026418,-0.015039279,0.012472615,-0.007118144,-0.000224162,-0.021659477,-0.004068336,-0.006254818,-0.007901957,-0.008104108,0.015341226,-0.005419161,-0.010371638,-0.009517812,0.001881942,0.00232622,-0.01858368,0.008593887,-0.006371619,-0.003856331,0.005237759,-0.018182156,-0.006051633,-0.013617173,-0.004203033,0.011526095,0.011311599,0.014929214,0.001403419,-0.008539843,0.00062673,-0.008179545,0.002132243,-0.003517219,-0.006216249,-0.002037262,-0.00638493,0.002134896,0.015746839,-0.009294836,-0.007756844,-0.006962938,-4.51E-05,-0.003786555,-0.01595169,0.002548917,0.00992193
